Categoría de Manejo,Nombre del Área Protegida,Área (ha),Acto Administrativo Declaratoria,Municipios de Inluencia,Atributos (valores objeto de conservación),Objetivos de Conservación,Tipo de Ecosistema presente en el AP,Acto Administrativo Plan de Manejo
Distrito Regional de Manejo Integrado,Ciénagas El Sapo Hoyo Grande,"12,227.20144",Acuerdo 508 del 26 de octubre de 2017,Nechí,"Recursos pesqueros 
Cuniculus paca (guagua)","1. Conservar y restaurar la estructura de los ecosistemas y paisajes de las microcuencas de los complejos Cenagosos El Sapo y Hoyo Grande, promoviendo su encadenamiento funcional y su resiliencia.
2. Garantizar la sostenibilidad de la oferta de servicios ecosistémicos a escala local y regional.
3. Promover la transición de sistemas productivos convencionales hacia sistemas productivos sostenibles y compatibles con la restauración y la conservación de ecosistemas locales.
4. Conservar los sistemas hídricos de los complejos Cenagosos El Sapo y Hoyo Grande, aumentando la resiliencia y aportando a la mitigación de los efectos del cambio climático.",Bosques basales inundables,"Acuerdo 649 del 05 de diciembre de 2022, Por el cual se adopta el Plan de Manejo del Distrito Regional de Manejo Integrado de las Ciénagas El Sapo y Hoyo Grande."
Distito de Manejo Integrado,Cañon del Rio Alicante,"6,292.427415",Acuerdo 233 del 12 de octubre de 2006,"Maceo, Puerto Berrío y Yolombó","Steatornis caripensis (Guacharo)
Ateles hybridus ssp. Brunneus (Mono araña)
Crax Alberti (Paujil piquiazul)
Panthera onca (Pantera)
Zamia incognita
Guanábano de monte (Yumbé)","1. Conservar el ecosistema de Bosque Húmedo Tropical en el área del DMI, el cual hace parte de la provincia biogeográfica del Chocó-Magdalena, refugio del Nechí - San Lucas, compuesta por un mosaico de bosques remanentes.
2. Preservar las poblaciones y los hábitats de especies amenazadas y/o endémicas además de especies de flora del género Zamia (Familia Zamiaceae). 
3. Asegurar la oferta de servicios ambientales en el DMI, manteniendo la riqueza hídrica representada por el río Alicante y las quebradas Alejandría, Sonadora, La Chorrera, Las Torres, Guardasol, que surten acueductos para consumo humano.
4. Propiciar la recuperación para la preservación de las coberturas naturales en la zona de oferta de bienes y servicios ambientales, a través de acciones de restauración en áreas de pastoreo y aprovechamiento ilegal con especies de importancia económica y ecológica.
5. Preservar las formaciones cársticas que incluyen cavernas, abrigos rocosos y acantilados de gran valor ecológico, espeleológico, cultural y paisajístico.
6. Proporcionar el enriquecimiento de corredores biológicos a partir de las coberturas vegetales existentes y áreas de retiro de corrientes de agua que posibilite la restauración y recuperación de las áreas degradadas en el DMI y la conectividad ecológica.
7. Proteger sitios con potencial ecoturístico y paisajístico como la zona cárstica caracterizada por calizas y mármoles, sistema de cavernas, abrigos rocosos y acantilados de alto valor ecológico, espeleológico y cultural.
8. Garantizar la integridad de los ecosistemas en todo el DMI, mediante el desarrollo e implementación de sistemas agroforestales, silvopastoriles, pesca artesanal controlada y protección de retiros de corrientes de agua.",Bosque húmedo  tropical,"Acuerdo 373 del 2010, por el cual se aprueba el Plan Integral de Manejo del Distrito de manejo integrado de los Recursos Naturales Renovables el Cañón del Río Alicante"
Distito de Manejo Integrado,Cuchilla Jardín-Támesis,"28,061.2832",Acuerdo 384 del 18 de mayo de 2011,"Jardín, Andes, Támesis, Jericó y Caramanta","Tremarctos ornatus (Oso de anteojos)
Ognorhynchus icterotis (Loro orejiamarillo)
Wettinia kalbreyerii (Palma macana)","1. Preservar las coberturas vegetales reportadas para la zona, entre ellas especies de briofitos, de hepáticas y musgos, representativas de los bosques altoandinos, además de las más de 200 especies de plantas vasculares sin semillas.
2. Conservar los hábitats para las 429 especies de plantas superiores en la zona de oferta y con potencial de oferta de bienes y servicios ambientales.
3. Promover la conservación de los Bosques Altoandinos, a través de procesos de restauración en las diferentes zonas que lo conforman.
4. Mantener la oferta de bienes y servicios ambientales, especialmente el recurso hídrico mediante acciones de restauración y protección de bosques de galería que actúan como corredores biológicos.
5. Conservar hábitats y nichos ecológicos que aseguren las condiciones necesarias para la preservación de la biodiversidad representativa de los ecosistemas de bosques subandinos y andinos con alto valor ecológico.
6. Proteger y propiciar la restauración de las coberturas naturales en el escarpe, hito geográfico y además ubicado en la zona de amenaza alta.
7. Promover acciones para la reconversión de la agricultura y la ganadería tradicional, a través de actividades de investigación, interpretación ambiental, educación ambiental y el establecimiento de sistemas productivos sostenibles.",Bosque altoandino,"Acuerdo 384 del 2011, por el cual se realindera y adopta el Plan Integral de Manejo del Distrito de Manejo Integrado de los Recursos Naturales Renovables la Denominada Cuchilla Jardín Támesis."
Distito de Manejo Integrado,Cerro Plateado - Alto San José,"8,900.491302",Acuerdo 385 del 18 de mayo de 2011,"Salgar, Betulia y Concordia","Tremarctos ornatus (Oso Andino)
Hypopyrrhus pyrohypogaster (Cacique Candela)","1. Mantener, preservar y restaurar la condición natural de espacios que representen los ecosistemas del país o combinaciones características de ellos. Lo cual se cumple parcialmente en el sector Norte y Sur del DMI. 
2. Conservar la capacidad productiva de ecosistemas naturales o de aquellos en proceso de restablecimiento de su estado natural, así como la viabilidad de las poblaciones de especies silvestres, de manera que se garantice una oferta y aprovechamiento sostenible de los recursos biológicos. Lo cual se cumple parcialmente en el sector Norte y Sur del DMI.
3. Mantener las coberturas naturales y aquellas en proceso de restablecimiento de su estado natural, así como las condiciones ambientales necesarias para regular la oferta de bienes y servicios ambientales. Lo cual se cumple parcialmente en el sector Norte y Sur del DMI.
4. Conservar áreas que contengan manifestaciones de especies silvestres, agua, gea, o combinaciones de éstas, que se constituyen en espacios únicos, raros o de atractivo escénico especial, debido a su significación científica, emblemática o que conlleven significados tradicionales especiales para las culturas del país. Lo cual se cumple parcialmente en el sector Norte y Sur del DMI. 
5. Proveer espacios naturales o aquellos en proceso de restablecimiento de su estado natural, aptos para el deleite, la recreación, la educación, el mejoramiento de la calidad ambiental y la valoración social de la naturaleza. Lo cual se cumple en el DMI.","Bosque Alto Andino 
Páramo y Subpáramo","Acuerdo 385 del 2011, por el cual se realindera y adopta el Plan Integral de Manejo Distrito de Manejo Integrado de los Recursos Naturales Renovables La Cuchilla Cerro Plateado – Alto de San José"
Distito de Manejo Integrado,Nubes-Trocha-Capota,"4,183.969275",Acuerdo 352 del 20 de mayo de 2010,"Jericó, Pueblorrico y Tarso","Setophaga cerulea (Reinita cielo azul)
Aniba perutilis Hamsley (Comino)","1. Conservar las condiciones naturales del bosque de niebla ubicado sobre el escarpe montañoso en la zona de especial interés ambiental y paisajístico, al igual que el humedal de montaña conocido como Laguna La Cascada.
2. Preservar en toda el área del DMI las poblaciones de mono aullador (Allouata seniculus), así mismo la preservación de las especies de aves nativas, aves migratorias y especies acuáticas propias del humedal Laguna La Cascada.
3. Preservar en toda el área del DMI los hábitats de especies de flora como orquídeas, bromelias, musgos, líquenes, helechos, begonias, peperomias y especies de importancia ecológica.
4. Restaurar la conectividad ecológica de los bosques y fragmentos de vegetación natural existente al interior del DMI y sobre las fuentes hídricas, especialmente en el escarpe ubicado en la zona de especial interés ambiental y paisajístico y en el corredor de la quebrada Las Cruces en la zona silvopastoril sostenible.
5. Mantener las condiciones ambientales de la zona de oferta de bienes y servicios ambientales específicamente en la estrella fluvial conformada por los altos Las Nubes, La Capota y La Trocha.",Bosque premontano y montano bajo,"Acuerdo 372 del 2010, por el cual se aprueba el Plan Integral de Manejo Distrito de Manejo Integrado de los Recursos Naturales Renovables
Nubes – Trocha y Capota"
Distito de Manejo Integrado,Rios Barroso San Juan,"3,037.191646",Acuerdo 383 del 18 de mayo de 2011,Salgar y Pueblorrico,"Lontra longicaudis (Nutría)
Brycon henni (Sabaleta) 
Aphelandra blandii
Astronium graveolens (Amargoso)
Pitcairnia explosiva (Bromelias terrestres)
Carludovica palmata (Iraca)
Quercus humboldtii (Roble andino)
Magnolia hernandezii (Molinillo)
Cedrela odorata (Cedro)
Godoya antioquensis (Caunce)
Cecropia peltata (Yarumo)","1. Mantener Preservar y restaurar la condición natural de espacios que representen los ecosistemas del país o combinaciones características de ellos. Lo cual se cumple en los ejes de los ríos y los bosques asociados del DMI. 
2. Preservar las poblaciones y los hábitats necesarios para la sobrevivencia de las especies o conjuntos de especies silvestres que presentan condiciones particulares de especial interés para la conservación de la biodiversidad, con énfasis en aquellas de distribución restringida. Lo cual se cumple en los ejes de los ríos y los bosques asociados del DMI. 
3. Conservar la capacidad productiva de ecosistemas naturales o de aquellos en proceso de restablecimiento de su estado natural, así como la viabilidad de las poblaciones de especies silvestres, de manera que se garantice una oferta y aprovechamiento sostenible de los recursos biológicos. Lo cual se cumple en los ejes de los ríos y los bosques asociados del DMI. 
4. Mantener las coberturas naturales y aquellas en proceso de restablecimiento de su estado natural, así como las condiciones ambientales necesarias para regular la oferta de bienes y servicios ambientales. Lo cual se cumple parcialmente en el DMI.
5. Conservar áreas que contengan manifestaciones de especies silvestres, agua, gea, o combinaciones de éstas, que se constituyen en espacios únicos, raros o de atractivo escénico especial, debido a su significación científica, emblemática o que conlleven significados tradicionales especiales para las culturas del país. Lo cual se cumple en el DMI. 
6. Proveer espacios naturales o aquellos en proceso de restablecimiento de su estado natural, aptos para el deleite, la recreación, la educación, el mejoramiento de la calidad ambiental y la valoración social de la naturaleza. Lo cual se cumple en el DMI.
7. Conservar espacios naturales asociados a elementos de cultura material o inmaterial de grupos étnicos. Lo cual se cumple en el DMI.",Bosque Seco Tropical premontano,"Acuerdo 383 del 2011, por el cual se realindera y adopta el Plan Integral de Manejo del Distrito de Manejo Integrado de los Recursos Naturales Renovables los Ríos Barroso  y San Juan"
Distito de Manejo Integrado,Sistema de Paramos y Bosques Altoandinos del Noroccidente Medio Antioqueño,"42,590.93468",Acuerdo 358 del 14 de septiembre de 2010,"Belmira, San José de la Montaña, Entrerríos, San Pedro de los Milagros, San Andrés de Cuerquia, San Jerónimo, Sopetrán, Olaya, Liborina y Sabanalarga","Espelettia occidentalis var antioquensis
Puya roldanii (Bromelia)
Paepalonthus columbiensis
Arogoa occidentales 
Bejaria resinosa y B. aestuans (Pegamosco)
Diplostephium revolutum (Linochilus revolutus)
Quercus humboldtii (Roble Andino)
Podocarpus oleifolius  (Pino Colombiano)
Prumnopitys montana (Chaquiro)
Ceroxylon parvifrons","1. Conservar la oferta de bienes y servicios ambientales especialmente el recurso hídrico en las áreas ubicadas hacia el occidente del Cañón del río Cauca y hacia el altiplano norte antioqueño.
2. Conservar las áreas de bosques altoandinos y páramos, que corresponden a los ecosistemas naturales propios, ubicados en un rango de altura entre los 2.600 y 3.350 msnm.
3. Preservar la cobertura existente en los bosques y subpáramos, donde se observa una alta profusión de plantas epífitas, representadas por una gran diversidad de especies de musgos, líquenes, helechos, orquídeas y bromelias.
4. Promover la conservación de especies de gran valor comercial como el chaquiro (Podocarpus oleifolius), el diomato (Prumnopitys montana) y la palma de ramo (Ceroxylon parvifrons.
5. Caracterizar y evaluar el impacto de la fragmentación forestal y determinar los corredores de restauración en la zona de mayor potencial de oferta de bienes y servicios ambientales.","Bosques Alto Andinos
Bosque montano bajo y montano","Acuerdo 358 del 2010, por el cual se realindera y aprueba el Plan Integral de Manejo del Distrito de Manejo Integrado de los Recursos Naturales Renovables, Sistema de Páramos y Bosques Alto Andinos del Noroccidente Medio Antioqueño."
Distrito Regional de Manejo Integrado,Cacica Noría,"5,200.607813",Acuerdo 480 del 29 de noviembre de 2016,Anorí,"Lipagus weberi (Arrierito antioqueño)
Grandes felinos 
Trigonobalanus excelsa (Roble negro)","1. Preservar los hábitats naturales para la conservación de las comunidades de fauna y flora de distribución restringida, raras y/o amenazadas, asociadas a los bosques muy húmedos premontanos del norte (bmh-PM) de la cordillera central, presentes en el “DMI Cacica Noría”.
2. Favorecer la conectividad ecosistémica, de tal forma que se asegure la continuidad de los procesos evolutivos y ecológicos que mantienen la diversidad biológica regional en el “DMI Cacica Noría”.
3. Conservar espacios naturales que pueden ser aptos para el deleite, la recreación, la educación y la valoración social tanto de comunidades locales como de visitantes al “DMI Cacica Noría”.
4. Mantener y/o mejorar las coberturas vegetales naturales, para garantizar la continuidad de los procesos ecológicos, y asegurar la prestación de los servicios ecosistémicos del “DMI Cacica Noría”.
5. Promover la implementación de buenas prácticas en el uso sostenibles de los recursos naturales presentes en el “DMI Cacica Noría”, como acción de conservación de los ecosistemas estratégicos.",Bosque Húmedo Tropical Pre-Montano Subandino,"Acuerdo 574 del 2019, por medio del cual se adopta el Plan de Manejo del Área Protegida del DRMI Cacica Noría"
Parque Natural Regional,Corredor de Las Alegrías,"10,086.44435",Acuerdo 459 del 2 de julio de 2015,"Anzá, Caicedo y Santa Fe de Antioquia","Diglossa gloriosissima (Diglosa pechirrufa)
Tremarctos ornatus (Oso de anteojos)
Puma concolor (Puma)
Quercus humboldtii (Roble Andino)","1. Preservar los hábitats naturales para favorecer la supervivencia de las poblaciones de especies de fauna y flora de distribución restringida, rara y/o amenazada que se asocian a los bosques altoandinos y los ecosistemas de páramo del norte de la cordillera occidental.
2. Favorecer la conectividad ecosistémica, de tal forma que se asegure la continuidad de los procesos evolutivos y ecológicos que mantienen diversidad biológica regional.
3. Aunar esfuerzos de conservación a nivel regional, incrementando la conectividad y consolidando una gran matriz de áreas protegidas en el norte de la cordillera occidental.
4. Preservar espacios naturales que pueden ser aptos para el deleite, la recreación, la educación y la valoración social tanto de comunidades locales como de visitantes.
5. Mantener o incrementar las coberturas naturales y los procesos biológicos actuales para la correcta prestación de servicios ecosistémicos de provisión, de regulación, culturales y de soporte.
6. Potenciar la resistencia y resiliencia de los sistemas socio-ecológicos regionales como medida de prevención y mitigación de riesgos y adaptación a los diferentes escenarios de cambio climático global.",Bosques Alto Andinos,"Acuerdo 559 del 2019, por el cual se adopta el Plan de Manejo del Parque Natural Regional Corredor de las Alegrías"
Distrito Regional de Manejo Integrado,Barbacoas,"32,074.86019",Acuerdo 493 del 05 de mayo de 2017,Yondó,"Manatí
Bocachico
Bagre rayado
Pataló
Crax Alberti (Paujil picoazul)
Ateles hybridus (Mono Frontino)
Abarco
Sapán
Comino","1. Preservar y restaurar la estructura, composición y función de los ecosistemas presentes en la Ciénaga de Barbacoas. 
2. Preservar las poblaciones y hábitats necesarios para la sobrevivencia de las especies o conjuntos de especies silvestres que presentan condiciones particulares de especial interés para la conservación de la biodiversidad en la Ciénaga de Barbacoas.
3. Conservar los recursos pesqueros presentes en la Ciénaga de Barbacoas de manera que se garantice una oferta y aprovechamiento sostenible.
4. Mantener la provisión de servicios ecosistémicos, impulsando actividades productivas sostenibles.",Bosques basales inundables,"Acuerdo 674 del 2023,Por el cual se adopta el Plan de Manejo del Distrito Regional de Manejo Integrado Ciénaga de Barbacoas declarado mediante Acuerdo del Consejo Directivo de CORANTIOQUIA No.180-ACU1705-493 del 05 de mayo de 2017"
Distrito Regional de Manejo Integrado,Alto de ventanas,"23,538.45926",Acuerdo 528 del 26 de abril de 2018,"Briceño, Valdivia y Yarumal","Ognorhynchus icterotis (loro orejiamarillo)
Puma concolor (Puma)
Magnoliaceae (Magnolias)
Cyathea sp. (Helecho)","1. Preservar los relictos de bosques presentes en el Alto de Ventanas, como hábitat de especies de flora y fauna, y así mantener la funcionalidad de los ecosistemas, considerando su alto grado de endemismo y el grado de amenaza (nacional e internacional) de las especies presentes, respecto a la jurisdicción de CORANTIOQUIA.
2. Restaurar y mantener las coberturas vegetales de los ecosistemas estratégicos presentes en el Alto de Ventanas, a través de herramientas de manejo de paisaje y recuperación, que permitan garantizar la conservación de una muestra representativa de estos en la jurisdicción de CORANTIOQUIA.   
3. Mantener las funciones ecosistémicas del área del Alto de Ventanas, con el fin de garantizar la oferta de servicios ecosistémicos, especialmente los de regulación y provisión hídrica para el consumo humano y el sostenimiento del desarrollo socioeconómico de la zona.
4. Promover la transición de sistemas productivos convencionales hacia sistemas productivos sostenibles y compatibles con la restauración y la conservación de ecosistemas locales.
5. Generar y proveer espacios naturales para la investigación, educación, deleite y mejoramiento del bienestar humano, en aras de incentivar la valoración social de la naturaleza.",Bosques Alto Andinos,"Acuerdo 598 del 17 de diciembre de 2020, por el cual se adopta el Plan de Manejo del Distrito Regional de Manejo Integrado Alto de Ventanas"
Distrito Regional de Manejo Integrado,Ciénaga Chiqueros,"6,764.948411",Acuerdo 543 del 22 de agosto de 2018,Puerto Berrío,"Caimán aguja
Comunidad de Peces
Palma Nolí","1. Restaurar la conectividad de las coberturas boscosas existentes, a través de acciones de restauración, con el fin de conservar los hábitats de las comunidades presentes en la Ciénaga de Chiqueros.
2. Promover la recuperación de los suelos degradados de los ecosistemas presentes en la Ciénaga de Chiqueros, con el fin de mejorar su capacidad productiva; beneficiando así a las comunidades locales y regionales.
3. Mantener la oferta de bienes y servicios ecosistémicos de la Ciénaga de Chiqueros, mediante acciones de conservación, con el fin de garantizar la seguridad alimentaria de las comunidades a nivel local y regional. 
4. Preservar los hábitats naturales para favorecer la supervivencia de las poblaciones de especies de fauna y flora de distribución restringidas, raras y/o amenazadas que se asocian a los ecosistemas de la Ciénaga de Chiqueros.
5. Propender por la permanencia y apropiación social de los componentes naturales y culturales de la Ciénaga de Chiqueros para el deleite paisajístico, educación y valoración social de las comunidades locales y visitantes, a nivel local, nacional e internacional.",Bosques basales inundables,"Acuerdo 671 del 2023, Por el cual se adopta el Plan de Manejo del Distrito Regional de Manejo Integrado Ciénaga de Chiqueros declarado mediante Acuerdo del Consejo Directivo de CORANTIOQUIA No.180-ACU1808-543 del 22 de agosto de 2018"
Distrito Regional de Manejo Integrado,Ciénagas Corrales - El Ocho,"12,865.31842",Acuerdo  N°576 del 10 de diciembre del 2019,Nechí,"Coberturas boscosas del bosque húmedo Tropical (bh-T)
Especies de flora amenazadas
Recurso pesquero
Aves acuáticas migratorias
 Ateles hybridus (Mono araña) 
Crax Alberti (Paujil picoazul)","1. Proteger las áreas correspondientes a relictos boscosos del bosque húmedo Tropical (bh-T) y propiciar la restauración de las condiciones naturales de las ciénagas Corrales y el Ocho y demás ciénagas, favoreciendo la conectividad y consolidando una zona núcleo representativa de este ecosistema como hábitats para la vida de sus comunidades bióticas.
2. Conservar las poblaciones y los hábitats necesarios para la sobrevivencia de las especies o conjuntos de especies silvestres que presentan condiciones particulares de especial interés para la conservación de la biodiversidad, con énfasis en aquellas de distribución restringida.
3. Restaurar y recuperar el sistema de caños y ciénagas que componen la red hídrica de las cuencas de las ciénagas Corrales y el Ocho y demás ciénagas, con el fin de mejorar la condición de hábitat de las comunidades acuáticas e hidrobiológicas y su uso sostenible.
4. Mantener las coberturas naturales y espejos de agua en las cuencas de las ciénagas Corrales y El Ocho y demás ciénagas, así como las condiciones ambientales necesarias para regular la oferta de bienes y servicios ambientales que redunden en su uso sostenible.",Bosques basales inundables,Acuerdo 576 del 10 de diciembre de 2019
Distrito Regional de Manejo Integrado,Divisoria Valle de aburrá  rio cauca,"28,075.50929",Acuerdo 267 del 10 de septiembre de 2007,"Itagüí, La Estrella, Caldas, Amagá, Angelópolis, Heliconia, Bello, Medellín,  Ebéjico, San Jerónimo y San Pedro de los Milagros","Leopardus tigrinus (Tigrillo lanudo)  
Magnolia espinalii (Magnolio de monte o hojarasco)","1. Mantener la oferta de bienes y servicios ambientales como la captura de CO2, dada la cercanía al centro metrópoli y en especial en las áreas con potencial hídrico y que son abastecedoras de los acueductos veredales especialmente en la ladera occidental del valle de Aburra, Angelópolis, Caldas y Ebéjico.
2. Conservar recuperar y preservar las coberturas vegetales y especies con niveles de importancia económica y ecológica (el roble Quercus humboldtii, helecho arbóreo del género Cyathea, Iphanes simplex (palma) Brunellia boqueronenisis (cedrillo); Magnolia espinalii (magnolio de monte, gallinazo), podocarpus oleifolius (pino colombiano) existentes en la cuchilla El Romeral, El Alto de las Baldías y el Cerro del Padre Amaya, buscando la conectividad regional de la ladera occidental con el sistema Parque Central de Antioquia.
3. Preservar y restaurar el área de subpáramo del Alto de las Baldías por su gran potencial en la oferta de bienes y servicios ambientales y por su relevancia en términos ecológicos, educativos y científicos debido a la existencia de frailejones (Espelettia Occidentalis var antioquensis) y palma de ramo (Ceroxylon parvifrons).
4. Conservar los hábitats de especies de fauna silvestre que habitan el DMI, especialmente las catalogadas como endémicas, migratorias, amenazadas y en peligro de extinción, a través de repoblamientos con condiciones naturales para cada una de las especies mencionadas.
5. Fomentar procesos de restauración de suelos en áreas alta o medianamente erosionadas mediante el desestimulo de la expansión de la frontera agropecuaria en el área a menor intervención con el establecimiento de plantaciones forestales hacia las zonas donde aún existen condiciones naturales con bajo nivel de intervención.
6. Conservar los espacios naturales representativos para los pobladores del valle de Aburrá para el deleite y la valoración del paisaje como hitos geográficos más representativos como las Cuchillas Romeral y Baldías y Cerro del Padre Amaya. A través de la integración del paisaje productivo de significación económica, cultural y patrimonial como potencial para el ecoturismo y el agroturismo.
7. Fomentar la reconversión de los sistemas productivos tradicionales de alto impacto tales como la cultura agrícola, pecuaria y agroindustrial, para conservar la capacidad productiva de los mismos a través de procesos de capacitación con técnicas de producción más limpia, reconversión agroecológica, sistemas agroforestales, entre otros.","Bosques Alto Andinos montano bajo y montanos
Ecosistema de páramo","Acuerdo 327 del 2009, por el cual se modifica el Acuerdo 267 del 2007, y aprueba el Plan Integral de Manejo del Distrito de Manejo Integrado de los Recursos Naturales
Renovables Divisoria Valle de Aburrá – Río Cauca.                                                                          Acuerdo 670 del 2023, Por el cual se aprueba el ajuste y/o actualización del Plan de Manejo del Distrito Regional de Manejo Integrado Divisoria Valle de Aburrá – Río Cauca aprobado mediante Acuerdo 327 de 30 de septiembre de 2009; se ajusta su denominación, se establecen los Valores Objeto de Conservación y se ajustan los Objetivos de Conservación establecidos en el Acuerdo 387 de junio de 2011"
Reserva Forestal Protectora Regional,Cerro Bravo,892.619315,Acuerdo 298 del 21 de octubre de 2008,Fredonia y Venecia,"Tremarctos ornatus (Oso Andino)
Hypopyrrhus pyrohypogaster (Cacique Candela)
Potos flavus (Mico de Noche)","1. Preservar el Cerro tutelar de la RFP Cerro Bravo que constituye uno de los ecosistemas estratégicos más importantes de la región siendo además un referente geográfico del suroeste antioqueño. 
2. Preservar las poblaciones y los hábitats necesarios para la sobrevivencia de las especies de especial interés para la conservación de la biodiversidad, destacándose el Oso Andino (Tremarctos ornatus) y el ave endémica para Colombia Cacique Candela (Hypopyrrhus pyrohypogaster); así como las especies sombrilla definidas tales como Cedrela odorata L. (Cedro de montaña), Retrophyllum rospigliosii (Pilg.) C.N.Page (Pino Romerón), Quercus humboldtii Bonpl. (Roble), Magnolia spp. (Magnolios), y las especies que se encuentran en algún estado de amenaza como.
3. Proteger las coberturas de bosque denso y bosque de galería y ripario que cubren el 90,6% del área de la Reserva Forestal Protectora de tal manera que se garantice la viabilidad de las poblaciones de flora y fauna que allí se albergan.
4. Propiciar en la RFP Cerro Bravo la recuperación y conservación de las áreas con coberturas con algún grado de intervención, a través de acciones de restauración que permitan sustentar la oferta de biodiversidad y servicios ecosistémicos.
5. Garantizar la protección y regulación del área como estrella hidrográfica, donde se destacan los nacimientos, en el flanco occidental de la RFP, las quebradas La Tigra, La Amalia y El Rincón y en el flanco oriental de las quebradas El Cerro, San Pedro, El Gallinazo, Sabaletas, Grano de Oro, El Colegio, San Cristóbal, La Garrucha y la Arabia, entre otras.",Bosque premontano y montano bajo,"Acuerdo 298 del 2008, por el cual se declara, como reserva forestal protectora regional, el denominado Cerro Bravo y su zona de transición ambiental y se toman otras decisiones"
Reserva Forestal Protectora Regional,Alto San Miguel,"1,622.24231",Acuerdo 476 del 26 de septiembre de 2016,Caldas,"Bosque altoandino
Recurso hídrico
Comunidad de orquídeas
Felinos
Hypopyrrhus pyrohypogaster (Cacique candela)
Coendou pyrohypogaster (Puerco espín común)
Marmosops impavidus (Zarigüeya)  
Ceroxylon vogelianum (Palma de cera)","1. Preservar las áreas de ecosistemas de Bosques Altoandinos presentes en la cadena montañosa “San Miguel”, ubicada en el norte de la Cordillera Central, por su importancia en la regulación del recurso hídrico, hábitat de especies de flora y fauna, captura de CO2, belleza paisajística, educación ambiental y espacios para la investigación.
2. Preservar las coberturas vegetales y favorecer la regeneración natural de los ecosistemas de Bosques Altoandinos, como hábitat de especies endémicas y amenazadas.
3. Preservar y mejorar los hábitats de las especies de flora y fauna con algún grado de amenaza, cacique candela (Hypopyrrhus pyrohypogaster, VU), puerco espín común (Coendou prehensilis, VU), Marteja o mono nocturno (Aotus lemurinus, VU), Zarigueya (Marmosops impavidus), tigrillo lanudo (Leopardus tigrinus, VU), entre otros.
4. Conservar la oferta de bienes y servicios ambientales, especialmente el recurso hídrico en las áreas ubicadas en la cadena montañosa ¨San Miguel¨, en el norte de la Cordillera Central, por ser un área estratégica para el Valle de Aburra, y fuente de abastecimiento de la demanda hídrica de los habitantes de las veredas aledañas.",Bosque altoandino montano bajo,"Acuerdo 573 del 2019, por medio del cual se adopta el Plan de Manejo del Área Protegida de la Reserva Forestal Protectora Regional Alto de San Miguel y se  modifica el Acuerdo 476 del 2016."
Reserva Forestal Protectora Regional,Farallones de Citará,"30,094.71893",Acuerdo 299 del 21 de octubre de 2008,"Andes, Betania y Ciudad Bolívar","Quercus humboldtii (Roble andino)
 Wettinia kalbreyeri
Attalea amigdalina
Ceroxylon alpinum (Palma de Cera zona cafetera)
Juglans neotropica (Nogal)
Salvia pauciserrata (Salvia Pauciserrata)
Salvia venulosa
Aniba perutilis (Comino)
Magnolia espinalii
Magnolia hernandezii (Molinillo)
Magnolia yarumalensis (Gallinazo Morado) Magnolia jardinensis (Centello)
Dracula gorgonella
Passiflora trisulca
Podocarpus oleifolius (Pino Colombiano) Retrophyllum rospigliosii (Pino romeron)
Cedrela montana (Cedro)
Ficus dendrocida
Oreopanax Trianae
Croton mutisianus (Sangregado)
Alfaroa colombiana 
Cinchona cf. Pubescens.
Tremarctos ornatus (Oso Andino)
Odocoileus virginianus (Venado de Cola Blanca) 
Laguna de Santa Rita","1) Asegurar la continuidad de los procesos ecológicos y evolutivos naturales para mantener la diversidad biológica, teniendo en cuenta su alta integridad ecológica, lo cual favorece la alta riqueza de especies nativas y endémicas, además de la protección de especies con algún grado de amenaza. 
2) Mantener la conectividad natural desde las áreas de páramo, subpáramo, bosques altoandinos y tierras bajas permitiendo con ello la consolidación del corredor biológico PNN Paramillo – Reserva Insor - PNN Orquídeas – DMI Cerro Plateado Alto San José – DMI Nubes Capota Trocha - Parque Regional Natural Cuchilla del Alto San Juan - PNN Tatamá, sobre la Cordillera Occidental y a su vez de la Ecorregión del Biopacífico colombiano.
3) Conservar ecosistemas de bosques altoandinos, subpáramos y páramos que sirven de hábitat a poblaciones de especies de fauna y flora silvestre.
4) Mantener la oferta de bienes y servicios ambientales en cada una de las zonas en las que se clasifica la Reserva Forestal Protectora Farallones del Citará, especialmente la oferta de agua en cabeceras y nacimientos de ríos.
5) Preservar los ecosistemas presentes en la formación montañosa de los Farallones del Citará, donde se destacan 6 cerros tutelares considerados hitos geográficos y referentes paisajísticos de la región, (San Nicolás, La Teta, San Fernando, El Plateado, Caramanta, Paramillo).",Bosques Altoandino montano bajo y montano,"Acuerdo 299 del 2008, por el cual se declara, como reserva forestal protectora regional, el sistema montañoso denominado Farallones del Citará y su zona de transición ambiental y se toman otras decisiones."
Distrito Regional de Manejo Integrado,Quitasol - La Holanda,"68,875",Acuerdo No. 596 de 17 de noviembre de 2020,"Barbosa, Bello, Copacabana,
Girardota, Don Matías y San Pedro
de Los Milagros","Patrimonio arqueológico del cerro
Quitasol
Ortalis columbiana (Guacharaca)
Myiarchus apicalis (Atrapamoscas apical)
Atlapetes blancae (montañerito paisa)
Bangsia melanochlamys (Tangara negrigualda)
Hypopyrrhus pyrohypogaster (Cacique Candela)
Diglossa lafresnayii (Picaflor satinado)
Diglossa caerulescens (Picaflor Azul)
Diglossa brunneiventris vulleumieri (Picaflor rabiazul)
Diglossa cyanea cyanea (Pinchaflor enmascarado)
Chamapaetes goudotii goudotii (Pava maraquera)
Aburria aburri (pava negra)
Colinus cristatus leucotis (Perdiz común)
Leopardus pardalis (Ocelote)
Byrsonima crassifolia
Cedrela odorata (Cedro)
Cedrela montana (Cedro americano)
Cyathea (Helecho gigante)
Quercus humboldtii (Roble andino)","1. Conservar las fuentes hídricas, nacimientos, cuencas abastecedoras,
humedales, entre otros, presentes en el área del Distrito Regional de
Manejo Integrado Quitasol La Holanda, de manera que se garantice el
abastecimiento y uso adecuado y sostenible de los servicios
ecosistémicos de aprovisionamiento presentes en su interior.
2. Preservar la biodiversidad que conforma el Distrito Regional de Manejo
Integrado con especial énfasis en especies endémicas, amenazadas, o
en peligro, con el fin de mantener los procesos ecológicos evolutivos, así
como la composición, estructura y función de la biodiversidad.
3. Restaurar ecosistemas estratégicos, corredores biológicos, cuencas
hidrográficas y en general las áreas asignadas para ello, con el fin de
aumentar los procesos de conectividad ecológica, ampliar las áreas de
conservación y mejorar la calidad del hábitat.
4. Preservar el patrimonio arqueológico presente en el cerro Quitasol con el
fin de mantener los monumentos y relictos históricos localizados en este
cerro, acorde a lo dispuesto en la Ley 1185 de 2008, Decreto 1080 de
2015, Decreto 138 de 2019 y posteriores que los modifiquen.
5. Mantener y preservar las coberturas naturales asociadas a los bosques
Altoandinos que permitan conservar su composición, estructura y
funcionalidad ecológica.
6. Promover prácticas de uso y aprovechamiento de recursos naturales
renovables de manera sostenible, de forma tal, que las actividades que
se consideren nocivas contra el medio ambiente, vayan cambiando hacia
sistemas agroforestales, silvopastoriles u otros que permitan una
sostenibilidad del área protegida y el mejoramiento de la calidad de vida
de los pobladores locales.
7. Proteger sitios de interés turístico como senderos, cascadas, miradores,
charcos, zonas de camping, de manera que se garantice la provisión de
servicios ecosistémicos culturales para los pobladores del Valle de
Aburrá.
8. Promover la investigación y el monitoreo de información científica
relevante que permita contar con una línea base que pueda ser
monitoreada en el tiempo, evaluando el cumplimiento de los objetivos del
Distrito Regional de Manejo Integrado",Bosque altoandino montano bajo,Acuerdo 596 del 17 de diciembre de 2020
Distrito Regional de Manejo Integrado,Bosque Seco del Occidente Antioqueño,"70,166.87",Acuerdo No. 696 de 23 de diciembre de 2021,"Anzá, Armenia, Betulia, Buriticá, Ebéjico, Heliconia, Ituango, Liborina, Olaya, Sabanalarga, San Jerónimo, Santafé de Antioquia, Sopetrán y Toledo","Bosque Seco tropical (Cobertura) 
Especies de fauna de importancia ecológica Habia gutturalis, Ortalis columbiana, Hypopyrrhus pyrohypogaster, Thryophilus sernai, Capito hypoleucus y Ara militaris; de mamíferos como: Tapirus terrestres, Tayassu pecari, Aotus griseimembra, Aotus lemurinus, Dinomys branickii, Saguinus leucopus, Saguinus oedipus y Ateles geoffroyi; anfibios como: Bolitoglossa ramosi y Dendrobates truncatus; reptiles como: Anolissulcifrons, Kinosternon scorpioides e Iguana iguana. 
Especies de flora del bosque seco 
Aspidosperma polyneuron y Swartzia robiniifolia, así mismo una especie está como vulnerable (VU): Schmardaea microphylla. Finalmente, los apéndices CITES para la regulación del comercio de fauna y flora silvestre (CITES 2019) comprenden en su apéndice II las especies Opuntia elatior y Rhipsalis baccifera, así como los géneros Opuntia e Hylocereus. 
Recurso hídrico del DRMI 
incluye toda la red hidrica de caños, quebradas, ojos de agua y humedales, tanto permanente como temporales, que se encuentra constituido por las cuencas con afluentes Directos Río Cauca entre Río San Juan y Puerto Valdivia y las 25 subcuencas de sus afluentes","1 Conservar y proteger el ecosistema Bosque Seco Tropical (bs-T), con el fin de garantizar la conectividad y disminuir la fragmentación en la zona. 
2 Conservar y proteger el recurso hídrico y su biota asociada, con el fin de mantener la conectividad fluvial y migratoria de las comunidades hidrobiológicas. 
3 Restaurar y recuperar la cobertura vegetal, suelos y atributos ecológicos del bs-T, con el fin de mejorar las condiciones del hábitat de las especies representativas y características del bs-T. 
4 Recuperar y conservar los bienes y servicios ambientales de vital importancia para la sostenibilidad ambiental del bs-T, y su asociación con las comunidades. 
5 Promover el uso sostenible y armónico de los bosques y su biodiversidad asociada, por parte de las comunidades que habitan en el bs-T. 
6 Recuperar y mantener la valoración social y ecológica de las manifestaciones culturales y antropogénicas asociadas con la conservación de los bosques y/o elementos de su biodiversidad asociada por parte de las comunidades de la zona.",Bosque Seco Tropical,Acuerdo 626 del 23 de diciembre de 2021
Distrito Regional de Manejo Integrado,Bajo Cauca - Nechí,"75,802.79",Acuerdo No. 675 del 22 de diciembre de 2023,"Anorí, Cáceres y Zaragoza","Jaguar (Panthera onca)
Oso Andino (Tremarctos ornatus)
Torito dorsiblanco (Capito hypoleucus)
Mono araña café (Ateles hybridus)
Palma de cera Sasaima (Ceroxylon sasaimae)
Nicuro o Barbudo (Pimelodus grosskopfii).","1. Mantener la conectividad de los ecosistemas que componen el área del Distrito Regional de Manejo Integrado Bajo Cauca - Nechí, preservando y restaurando las coberturas boscosas, de tal manera que continúen aportando al flujo biológico entre la Serranía de San Lucas y el nudo de Paramillo; en especial el tránsito del Jaguar (Panthera onca) y el Oso Andino (Tremarctos ornatus).
2. Conservar el hábitat de especies de fauna y flora endémicas o con distribución geográfica restringida: Torito Dorsiblanco (Capito hypoleucus), Mono Araña (Ateles hybridus) y Palma de Cera de Sasaima (Ceroxylon sasaimae).
3. Recuperar las zonas deterioradas y degradadas por minería o por ganadería en zonas de ladera y área forestal protectora de ríos y quebradas, mediante un trabajo concertado con los actores del territorio y teniendo como especie emblemática al Nicuro o Barbudo (Pimelodus grosskopfii).
4. Promover el uso sostenible y armónico de los bosques y su biodiversidad asociada, por parte de las comunidades que habitan el área del Distrito Regional de Manejo Integrado Bajo Cauca - Nechí.
5. Fortalecer el uso sostenible en los sistemas productivos en las formas y medios de vida de las comunidades campesinas que habitan el área del Distrito Regional de Manejo Integrado Bajo Cauca - Nechí, como estrategia de fortalecimiento del arraigo al territorio y la transformación de las actividades tradicionales de producción.","Bosque Basal Húmedo (37,5%)
Bosque Subandino Húmedo (27,5%)",Acuerdo 675 del 22 de diciembre de 2023
